{
  "project_info": {
    "project_number": "300449223346",
    "firebase_url": "https://t-uber-database.firebaseio.com",
    "project_id": "t-uber-database",
    "storage_bucket": "t-uber-database.appspot.com"
  },
  "client": [
    {
      "client_info": {
        "mobilesdk_app_id": "1:300449223346:android:1883589d37d26c43",
        "android_client_info": {
          "package_name": "com.example.hdhillon15.tuberfinal"
        }
      },
      "oauth_client": [
        {
          "client_id": "300449223346-fm19arfcnn3lc0qklh6n1oq9rms4cbsk.apps.googleusercontent.com",
          "client_type": 1,
          "android_info": {
            "package_name": "com.example.hdhillon15.tuberfinal",
            "certificate_hash": "923eac5605c4aa5ea234c8b5b74b508ecd49b5e5"
          }
        },
        {
          "client_id": "300449223346-bhdmes67r5l81rih60n037qegoso918m.apps.googleusercontent.com",
          "client_type": 3
        }
      ],
      "api_key": [
        {
          "current_key": "AIzaSyCpPDT17GZNFOQxhd1liDrjTWw_k_sjZhk"
        }
      ],
      "services": {
        "analytics_service": {
          "status": 1
        },
        "appinvite_service": {
          "status": 2,
          "other_platform_oauth_client": [
            {
              "client_id": "300449223346-j0ifr4jio7342eel79ujv630mombajkq.apps.googleusercontent.com",
              "client_type": 3
            }
          ]
        },
        "ads_service": {
          "status": 2
        }
      }
    },
    {
      "client_info": {
        "mobilesdk_app_id": "1:300449223346:android:db12ac400d860495",
        "android_client_info": {
          "package_name": "com.example.yashv.tuber"
        }
      },
      "oauth_client": [
        {
          "client_id": "300449223346-i7ktb2d2gvqalfgci75q2kcu4372r4vb.apps.googleusercontent.com",
          "client_type": 1,
          "android_info": {
            "package_name": "com.example.yashv.tuber",
            "certificate_hash": "9eceed5bf6d911910d935970e53a421d475ca641"
          }
        },
        {
          "client_id": "300449223346-bhdmes67r5l81rih60n037qegoso918m.apps.googleusercontent.com",
          "client_type": 3
        }
      ],
      "api_key": [
        {
          "current_key": "AIzaSyCpPDT17GZNFOQxhd1liDrjTWw_k_sjZhk"
        }
      ],
      "services": {
        "analytics_service": {
          "status": 1
        },
        "appinvite_service": {
          "status": 2,
          "other_platform_oauth_client": [
            {
              "client_id": "300449223346-j0ifr4jio7342eel79ujv630mombajkq.apps.googleusercontent.com",
              "client_type": 3
            }
          ]
        },
        "ads_service": {
          "status": 2
        }
      }
    }
  ],
  "configuration_version": "1"
}